Prénom;City;Epreuve
Jacklyn,JOLIET,Epreuve N°4;Epreuve N°6;Epreuve N°10;Epreuve N°22;Epreuve N°27;Epreuve N°28
Lucile,BLOOMINGTON,Epreuve N°20;Epreuve N°31
Emmett,LAKE GERTRUDEHAVEN,Epreuve N°4;Epreuve N°6;Epreuve N°10;Epreuve N°22;Epreuve N°27;Epreuve N°28
Leopoldo,BERGNAUMCHESTER,Epreuve N°1;Epreuve N°2;Epreuve N°3;Epreuve N°5;Epreuve N°7;Epreuve N°8;Epreuve N°9;Epreuve N°14;Epreuve N°17;Epreuve N°24;Epreuve N°25;Epreuve N°33;Epreuve N°46;Epreuve N°47;Epreuve N°50
Arnold,WEST TRISHAHAVEN,Epreuve N°20;Epreuve N°31
Delia,WILLIESIDE,Epreuve N°21;Epreuve N°48;Epreuve N°49
Anya,SANTA ANA,Epreuve N°1;Epreuve N°2;Epreuve N°3;Epreuve N°5;Epreuve N°7;Epreuve N°8;Epreuve N°9;Epreuve N°14;Epreuve N°17;Epreuve N°24;Epreuve N°25;Epreuve N°33;Epreuve N°46;Epreuve N°47;Epreuve N°50
Gregg,ALTOONA,Epreuve N°1;Epreuve N°2;Epreuve N°3;Epreuve N°5;Epreuve N°7;Epreuve N°8;Epreuve N°9;Epreuve N°14;Epreuve N°17;Epreuve N°24;Epreuve N°25;Epreuve N°33;Epreuve N°46;Epreuve N°47;Epreuve N°50
Keanu,WEST VIVIENNE,Epreuve N°1;Epreuve N°2;Epreuve N°3;Epreuve N°5;Epreuve N°7;Epreuve N°8;Epreuve N°9;Epreuve N°14;Epreuve N°17;Epreuve N°24;Epreuve N°25;Epreuve N°33;Epreuve N°46;Epreuve N°47;Epreuve N°50
Dayne,MCDERMOTTFURT,Epreuve N°1;Epreuve N°2;Epreuve N°3;Epreuve N°5;Epreuve N°7;Epreuve N°8;Epreuve N°9;Epreuve N°14;Epreuve N°17;Epreuve N°24;Epreuve N°25;Epreuve N°33;Epreuve N°46;Epreuve N°47;Epreuve N°50
Ayaka,PARIS,Epreuve N°21;Epreuve N°48;Epreuve N°49
Dena,EAST ROCKY,Epreuve N°13;Epreuve N°16;Epreuve N°35
Ayaka,PARIS,Epreuve N°1;Epreuve N°2;Epreuve N°3;Epreuve N°5;Epreuve N°7;Epreuve N°8;Epreuve N°9;Epreuve N°14;Epreuve N°17;Epreuve N°24;Epreuve N°25;Epreuve N°33;Epreuve N°46;Epreuve N°47;Epreuve N°50
Leopoldo,BERGNAUMCHESTER,Epreuve N°13;Epreuve N°16;Epreuve N°35
Josephine,HEANEYVIEW,Epreuve N°13;Epreuve N°16;Epreuve N°35
Shannon,JACEFORT,Epreuve N°1;Epreuve N°2;Epreuve N°3;Epreuve N°5;Epreuve N°7;Epreuve N°8;Epreuve N°9;Epreuve N°14;Epreuve N°17;Epreuve N°24;Epreuve N°25;Epreuve N°33;Epreuve N°46;Epreuve N°47;Epreuve N°50
Dena,EAST ROCKY,Epreuve N°4;Epreuve N°6;Epreuve N°10;Epreuve N°22;Epreuve N°27;Epreuve N°28
Frederique,WEST VERNERHAVEN,Epreuve N°20;Epreuve N°31
Garth,EAST ETHELPORT,Epreuve N°1;Epreuve N°2;Epreuve N°3;Epreuve N°5;Epreuve N°7;Epreuve N°8;Epreuve N°9;Epreuve N°14;Epreuve N°17;Epreuve N°24;Epreuve N°25;Epreuve N°33;Epreuve N°46;Epreuve N°47;Epreuve N°50
Brant,SCHUMMHAVEN,Epreuve N°26;Epreuve N°30;Epreuve N°42
Vida,GRAPEVINE,Epreuve N°4;Epreuve N°6;Epreuve N°10;Epreuve N°22;Epreuve N°27;Epreuve N°28
Christophe,MARSEILLE,Epreuve N°20;Epreuve N°31
Foster,WEST LAFAYETTE,Epreuve N°20;Epreuve N°31
Magali,ENRIQUEFORT,Epreuve N°1;Epreuve N°2;Epreuve N°3;Epreuve N°5;Epreuve N°7;Epreuve N°8;Epreuve N°9;Epreuve N°14;Epreuve N°17;Epreuve N°24;Epreuve N°25;Epreuve N°33;Epreuve N°46;Epreuve N°47;Epreuve N°50
Brant,SCHUMMHAVEN,Epreuve N°21;Epreuve N°48;Epreuve N°49
Nannie,SOUTH PRINCEMOUTH,Epreuve N°1;Epreuve N°2;Epreuve N°3;Epreuve N°5;Epreuve N°7;Epreuve N°8;Epreuve N°9;Epreuve N°14;Epreuve N°17;Epreuve N°24;Epreuve N°25;Epreuve N°33;Epreuve N°46;Epreuve N°47;Epreuve N°50
